TDSFU Daily run: Mon Oct 27 02:11:28 UTC 2025 TDSFU
TDSFU Daily run: Mon Oct 27 04:44:04 UTC 2025 TDSFU
TDSFU Daily run: Tue Oct 28 04:37:49 UTC 2025 TDSFU
TDSFU Daily run: Wed Oct 29 04:42:18 UTC 2025 TDSFU
TDSFU Daily run: Thu Oct 30 04:37:09 UTC 2025 TDSFU
TDSFU Daily run: Fri Oct 31 04:41:48 UTC 2025 TDSFU
TDSFU Daily run: Sat Nov  1 04:34:13 UTC 2025 TDSFU
TDSFU Daily run: Sun Nov  2 04:37:06 UTC 2025 TDSFU
TDSFU Daily run: Mon Nov  3 04:42:58 UTC 2025 TDSFU
TDSFU Daily run: Tue Nov  4 04:37:59 UTC 2025 TDSFU
